date,heart_index
2021-10-01,100.0
2021-10-02,100.0
2021-10-03,100.0
2021-10-04,100.0
2021-10-05,100.0
2021-10-06,100.0
2021-10-07,100.0
2021-10-08,100.0
2021-10-09,100.0
2021-10-10,100.0
2021-10-11,100.0
2021-10-12,100.0
2021-10-13,100.0
2021-10-14,100.0
2021-10-15,100.0
2021-10-16,100.0
2021-10-17,100.0
2021-10-18,100.0
2021-10-19,100.0
2021-10-20,100.0
2021-10-21,100.0
2021-10-22,100.0
2021-10-23,100.0
2021-10-24,100.0
2021-10-25,100.0
2021-10-26,100.0
2021-10-27,100.0
2021-10-28,100.0
2021-10-29,100.0
2021-10-30,100.0
2021-10-31,100.0
2021-11-01,100.0
2021-11-02,100.0
2021-11-03,100.0
2021-11-04,100.0
2021-11-05,100.0
2021-11-06,100.0
2021-11-07,100.0
2021-11-08,100.0
2021-11-09,100.0
2021-11-10,100.0
2021-11-11,100.0
2021-11-12,100.0
2021-11-13,100.0
2021-11-14,100.0
2021-11-15,100.0
2021-11-16,100.0
2021-11-17,100.0
2021-11-18,100.0
2021-11-19,100.0
2021-11-20,100.0
2021-11-21,100.0
2021-11-22,100.0
2021-11-23,100.0
2021-11-24,100.0
2021-11-25,100.0
2021-11-26,100.0
2021-11-27,100.0
2021-11-28,100.0
2021-11-29,100.0
2021-11-30,100.0
2021-12-01,100.0
2021-12-02,100.0
2021-12-03,100.0
2021-12-04,100.0
2021-12-05,100.0
2021-12-06,100.0
2021-12-07,100.0
2021-12-08,100.0
2021-12-09,100.0
2021-12-10,100.0
2021-12-11,100.0
2021-12-12,100.0
2021-12-13,100.0
2021-12-14,100.0
2021-12-15,100.0
2021-12-16,100.0
2021-12-17,100.0
2021-12-18,100.0
2021-12-19,100.0
2021-12-20,100.0
2021-12-21,100.0
2021-12-22,100.0
2021-12-23,100.0
2021-12-24,100.0
2021-12-25,100.0
2021-12-26,100.0
2021-12-27,100.0
2021-12-28,100.0
2021-12-29,100.0
2021-12-30,100.0
2021-12-31,100.0
2022-01-01,100.0
2022-01-02,100.0
2022-01-03,100.0
2022-01-04,100.0
2022-01-05,100.0
2022-01-06,100.0
2022-01-07,100.0
2022-01-08,100.0
2022-01-09,100.0
2022-01-10,100.0
2022-01-11,100.0
2022-01-12,100.0
2022-01-13,100.0
2022-01-14,100.0
2022-01-15,100.0
2022-01-16,100.0
2022-01-17,100.0
2022-01-18,100.0
2022-01-19,100.0
2022-01-20,100.0
2022-01-21,100.0
2022-01-22,100.0
2022-01-23,100.0
2022-01-24,100.0
2022-01-25,100.0
2022-01-26,100.0
2022-01-27,100.0
2022-01-28,100.0
2022-01-29,100.0
2022-01-30,100.0
2022-01-31,100.0
2022-02-01,100.0
2022-02-02,100.0
2022-02-03,100.0
2022-02-04,100.0
2022-02-05,100.0
2022-02-06,100.0
2022-02-07,100.0
2022-02-08,100.0
2022-02-09,100.0
2022-02-10,100.0
2022-02-11,100.0
2022-02-12,100.0
2022-02-13,100.0
2022-02-14,100.0
2022-02-15,100.0
2022-02-16,100.0
2022-02-17,100.0
2022-02-18,100.0
2022-02-19,100.0
2022-02-20,100.0
2022-02-21,100.0
2022-02-22,100.0
2022-02-23,100.0
2022-02-24,100.0
2022-02-25,100.0
2022-02-26,100.0
2022-02-27,100.0
2022-02-28,100.0
2022-03-01,100.0
2022-03-02,100.0
2022-03-03,100.0
2022-03-04,100.0
2022-03-05,100.0
2022-03-06,100.0
2022-03-07,100.0
2022-03-08,100.0
2022-03-09,100.0
2022-03-10,100.0
2022-03-11,100.0
2022-03-12,100.0
2022-03-13,100.0
2022-03-14,100.0
2022-03-15,100.0
2022-03-16,100.0
2022-03-17,100.0
2022-03-18,100.0
2022-03-19,100.0
2022-03-20,100.0
2022-03-21,100.0
2022-03-22,100.0
2022-03-23,100.0
2022-03-24,100.0
2022-03-25,100.0
2022-03-26,100.0
2022-03-27,100.0
2022-03-28,100.0
2022-03-29,100.0
2022-03-30,100.0
2022-03-31,100.0
2022-04-01,100.0
2022-04-02,100.0
2022-04-03,100.0
2022-04-04,100.0
2022-04-05,100.0
2022-04-06,100.0
2022-04-07,100.0
2022-04-08,100.0
2022-04-09,100.0
2022-04-10,100.0
2022-04-11,100.0
2022-04-12,100.0
2022-04-13,100.0
2022-04-14,100.0
2022-04-15,100.0
2022-04-16,100.0
2022-04-17,100.0
2022-04-18,100.0
2022-04-19,100.0
2022-04-20,100.0
2022-04-21,100.0
2022-04-22,100.0
2022-04-23,100.0
2022-04-24,100.0
2022-04-25,100.0
2022-04-26,100.0
2022-04-27,100.0
2022-04-28,100.0
2022-04-29,100.0
2022-04-30,100.0
2022-05-01,100.0
2022-05-02,100.0
2022-05-03,100.0
2022-05-04,100.0
2022-05-05,100.0
2022-05-06,100.0
2022-05-07,100.0
2022-05-08,100.0
2022-05-09,100.0
2022-05-10,100.0
2022-05-11,100.0
2022-05-12,100.0
2022-05-13,100.0
2022-05-14,100.0
2022-05-15,100.0
2022-05-16,100.0
2022-05-17,100.0
2022-05-18,100.0
2022-05-19,100.0
2022-05-20,100.0
2022-05-21,100.0
2022-05-22,100.0
2022-05-23,100.0
2022-05-24,100.0
2022-05-25,100.0
2022-05-26,100.0
2022-05-27,100.0
2022-05-28,100.0
2022-05-29,100.0
2022-05-30,100.0
2022-05-31,100.0
2022-06-01,100.0
2022-06-02,100.0
2022-06-03,100.0
2022-06-04,100.0
2022-06-05,100.0
2022-06-06,100.0
2022-06-07,100.0
2022-06-08,100.0
2022-06-09,100.0
2022-06-10,100.0
2022-06-11,100.0
2022-06-12,100.0
2022-06-13,100.0
2022-06-14,100.0
2022-06-15,100.0
2022-06-16,100.0
2022-06-17,100.0
2022-06-18,100.0
2022-06-19,100.0
2022-06-20,100.0
2022-06-21,100.0
2022-06-22,100.0
2022-06-23,100.0
2022-06-24,100.0
2022-06-25,100.0
2022-06-26,100.0
2022-06-27,100.0
2022-06-28,100.0
2022-06-29,100.0
2022-06-30,100.0
2022-07-01,100.0
2022-07-02,100.0
2022-07-03,100.0
2022-07-04,100.0
2022-07-05,100.0
2022-07-06,100.0
2022-07-07,100.0
2022-07-08,100.0
2022-07-09,100.0
2022-07-10,100.0
2022-07-11,100.0
2022-07-12,100.0
2022-07-13,100.0
2022-07-14,100.0
2022-07-15,100.0
2022-07-16,100.0
2022-07-17,100.0
2022-07-18,100.0
2022-07-19,100.0
2022-07-20,100.0
2022-07-21,100.0
2022-07-22,100.0
2022-07-23,100.0
2022-07-24,100.0
2022-07-25,100.0
2022-07-26,100.0
2022-07-27,100.0
2022-07-28,100.0
2022-07-29,100.0
2022-07-30,100.0
2022-07-31,100.0
2022-08-01,100.0
2022-08-02,100.0
2022-08-03,100.0
2022-08-04,100.0
2022-08-05,100.0
2022-08-06,100.0
2022-08-07,100.0
2022-08-08,100.0
2022-08-09,100.0
2022-08-10,100.0
2022-08-11,100.0
2022-08-12,100.0
2022-08-13,100.0
2022-08-14,100.0
2022-08-15,100.0
2022-08-16,100.0
2022-08-17,100.0
2022-08-18,100.0
2022-08-19,100.0
2022-08-20,100.0
2022-08-21,100.0
2022-08-22,100.0
2022-08-23,100.0
2022-08-24,100.0
2022-08-25,100.0
2022-08-26,100.0
2022-08-27,100.0
2022-08-28,100.0
2022-08-29,100.0
2022-08-30,100.0
2022-08-31,100.0
2022-09-01,100.0
2022-09-02,100.0
2022-09-03,100.0
2022-09-04,100.0
2022-09-05,100.0
2022-09-06,100.0
2022-09-07,100.0
2022-09-08,100.0
2022-09-09,100.0
2022-09-10,100.0
2022-09-11,100.0
2022-09-12,100.0
2022-09-13,100.0
2022-09-14,100.0
2022-09-15,100.0
2022-09-16,100.0
2022-09-17,100.0
2022-09-18,100.0
2022-09-19,100.0
2022-09-20,100.0
2022-09-21,100.0
2022-09-22,100.0
2022-09-23,100.0
2022-09-24,100.0
2022-09-25,100.0
2022-09-26,100.0
2022-09-27,100.0
2022-09-28,100.0
2022-09-29,100.0
2022-09-30,100.0
2022-10-01,100.0
2022-10-02,100.0
2022-10-03,100.0
2022-10-04,100.0
2022-10-05,100.0
2022-10-06,100.0
2022-10-07,100.0
2022-10-08,100.0
2022-10-09,100.0
2022-10-10,100.0
2022-10-11,100.0
2022-10-12,100.0
2022-10-13,100.0
2022-10-14,100.0
2022-10-15,100.0
2022-10-16,100.0
2022-10-17,100.0
2022-10-18,100.0
2022-10-19,100.0
2022-10-20,100.0
2022-10-21,100.0
2022-10-22,100.0
2022-10-23,100.0
2022-10-24,100.0
2022-10-25,100.0
2022-10-26,100.0
2022-10-27,100.0
2022-10-28,100.0
2022-10-29,100.0
2022-10-30,100.0
2022-10-31,100.0
2022-11-01,100.0
2022-11-02,100.0
2022-11-03,100.0
2022-11-04,100.0
2022-11-05,100.0
2022-11-06,100.0
2022-11-07,100.0
2022-11-08,100.0
2022-11-09,100.0
2022-11-10,100.0
2022-11-11,100.0
2022-11-12,100.0
2022-11-13,100.0
2022-11-14,100.0
2022-11-15,100.0
2022-11-16,100.0
2022-11-17,100.0
2022-11-18,100.0
2022-11-19,100.0
2022-11-20,100.0
2022-11-21,100.0
2022-11-22,100.0
2022-11-23,100.0
2022-11-24,100.0
2022-11-25,100.0
2022-11-26,100.0
2022-11-27,100.0
2022-11-28,100.0
2022-11-29,100.0
2022-11-30,100.0
2022-12-01,100.0
2022-12-02,100.0
2022-12-03,100.0
2022-12-04,100.0
2022-12-05,100.0
2022-12-06,100.0
2022-12-07,100.0
2022-12-08,100.0
2022-12-09,100.0
2022-12-10,100.0
2022-12-11,100.0
2022-12-12,100.0
2022-12-13,100.0
2022-12-14,100.0
2022-12-15,100.0
2022-12-16,100.0
2022-12-17,100.0
2022-12-18,100.0
2022-12-19,100.0
2022-12-20,100.0
2022-12-21,100.0
2022-12-22,100.0
2022-12-23,100.0
2022-12-24,100.0
2022-12-25,100.0
2022-12-26,100.0
2022-12-27,100.0
2022-12-28,100.0
2022-12-29,100.0
2022-12-30,100.0
2022-12-31,100.0
2023-01-01,100.0
2023-01-02,100.0
2023-01-03,100.0
2023-01-04,100.0
2023-01-05,100.0
2023-01-06,100.0
2023-01-07,100.0
2023-01-08,100.0
2023-01-09,100.0
2023-01-10,100.0
2023-01-11,100.0
2023-01-12,100.0
2023-01-13,100.0
2023-01-14,100.0
2023-01-15,100.0
2023-01-16,100.0
2023-01-17,100.0
2023-01-18,100.0
2023-01-19,100.0
2023-01-20,100.0
2023-01-21,100.0
2023-01-22,100.0
2023-01-23,100.0
2023-01-24,100.0
2023-01-25,100.0
2023-01-26,100.0
2023-01-27,100.0
2023-01-28,100.0
2023-01-29,100.0
2023-01-30,100.0
2023-01-31,100.0
2023-02-01,100.0
2023-02-02,100.0
2023-02-03,100.0
2023-02-04,100.0
2023-02-05,100.0
2023-02-06,100.0
2023-02-07,100.0
2023-02-08,100.0
2023-02-09,100.0
2023-02-10,100.0
2023-02-11,100.0
2023-02-12,100.0
2023-02-13,100.0
2023-02-14,100.0
2023-02-15,100.0
2023-02-16,100.0
2023-02-17,100.0
2023-02-18,100.0
2023-02-19,100.0
2023-02-20,100.0
2023-02-21,100.0
2023-02-22,100.0
2023-02-23,100.0
2023-02-24,100.0
2023-02-25,100.0
2023-02-26,100.0
2023-02-27,100.0
2023-02-28,100.0
2023-03-01,100.0
2023-03-02,100.0
2023-03-03,100.0
2023-03-04,100.0
2023-03-05,100.0
2023-03-06,100.0
2023-03-07,100.0
2023-03-08,100.0
2023-03-09,100.0
2023-03-10,100.0
2023-03-11,100.0
2023-03-12,100.0
2023-03-13,100.0
2023-03-14,100.0
2023-03-15,100.0
2023-03-16,100.0
2023-03-17,100.0
2023-03-18,100.0
2023-03-19,100.0
2023-03-20,100.0
2023-03-21,100.0
2023-03-22,100.0
2023-03-23,100.0
2023-03-24,100.0
2023-03-25,100.0
2023-03-26,100.0
2023-03-27,100.0
2023-03-28,100.0
2023-03-29,100.0
2023-03-30,100.0
2023-03-31,100.0
2023-04-01,100.0
2023-04-02,100.0
2023-04-03,100.0
2023-04-04,100.0
2023-04-05,100.0
2023-04-06,100.0
2023-04-07,100.0
2023-04-08,100.0
2023-04-09,100.0
2023-04-10,100.0
2023-04-11,100.0
2023-04-12,100.0
2023-04-13,100.0
2023-04-14,100.0
2023-04-15,100.0
2023-04-16,100.0
2023-04-17,100.0
2023-04-18,100.0
2023-04-19,100.0
2023-04-20,100.0
2023-04-21,100.0
2023-04-22,100.0
2023-04-23,100.0
2023-04-24,100.0
2023-04-25,100.0
2023-04-26,100.0
2023-04-27,100.0
2023-04-28,100.0
2023-04-29,100.0
2023-04-30,100.0
2023-05-01,100.0
2023-05-02,100.0
2023-05-03,100.0
2023-05-04,100.0
2023-05-05,100.0
2023-05-06,100.0
2023-05-07,100.0
2023-05-08,100.0
2023-05-09,100.0
2023-05-10,100.0
2023-05-11,100.0
2023-05-12,100.0
2023-05-13,100.0
2023-05-14,100.0
2023-05-15,100.0
2023-05-16,100.0
2023-05-17,100.0
2023-05-18,100.0
2023-05-19,100.0
2023-05-20,100.0
2023-05-21,100.0
2023-05-22,100.0
2023-05-23,100.0
2023-05-24,100.0
2023-05-25,100.0
2023-05-26,100.0
2023-05-27,100.0
2023-05-28,100.0
2023-05-29,100.0
2023-05-30,100.0
2023-05-31,100.0
2023-06-01,100.0
2023-06-02,100.0
2023-06-03,100.0
2023-06-04,100.0
2023-06-05,100.0
2023-06-06,100.0
2023-06-07,100.0
2023-06-08,100.0
2023-06-09,100.0
2023-06-10,100.0
2023-06-11,100.0
2023-06-12,100.0
2023-06-13,100.0
2023-06-14,100.0
2023-06-15,100.0
2023-06-16,100.0
2023-06-17,100.0
2023-06-18,100.0
2023-06-19,100.0
2023-06-20,100.0
2023-06-21,100.0
2023-06-22,100.0
2023-06-23,100.0
2023-06-24,100.0
2023-06-25,100.0
2023-06-26,100.0
2023-06-27,100.0
2023-06-28,100.0
2023-06-29,100.0
2023-06-30,100.0
2023-07-01,100.0
2023-07-02,100.0
2023-07-03,100.0
2023-07-04,100.0
2023-07-05,100.0
2023-07-06,100.0
2023-07-07,100.0
2023-07-08,100.0
2023-07-09,100.0
2023-07-10,100.0
2023-07-11,100.0
2023-07-12,100.0
2023-07-13,100.0
2023-07-14,100.0
2023-07-15,100.0
2023-07-16,100.0
2023-07-17,100.0
2023-07-18,100.0
2023-07-19,100.0
2023-07-20,100.0
2023-07-21,100.0
2023-07-22,100.0
2023-07-23,100.0
2023-07-24,100.0
2023-07-25,100.0
2023-07-26,100.0
2023-07-27,100.0
2023-07-28,100.0
2023-07-29,100.0
2023-07-30,100.0
2023-07-31,100.0
2023-08-01,100.0
2023-08-02,100.0
2023-08-03,100.0
2023-08-04,100.0
2023-08-05,100.0
2023-08-06,100.0
2023-08-07,100.0
2023-08-08,100.0
2023-08-09,100.0
2023-08-10,100.0
2023-08-11,100.0
2023-08-12,100.0
2023-08-13,100.0
2023-08-14,100.0
2023-08-15,100.0
2023-08-16,100.0
2023-08-17,100.0
2023-08-18,100.0
2023-08-19,100.0
2023-08-20,100.0
2023-08-21,100.0
2023-08-22,100.0
2023-08-23,100.0
2023-08-24,100.0
2023-08-25,100.0
2023-08-26,100.0
2023-08-27,100.0
2023-08-28,100.0
2023-08-29,100.0
2023-08-30,100.0
2023-08-31,100.0
2023-09-01,100.0
2023-09-02,100.0
2023-09-03,100.0
2023-09-04,100.0
2023-09-05,100.0
2023-09-06,100.0
2023-09-07,100.0
2023-09-08,100.0
2023-09-09,100.0
2023-09-10,100.0
2023-09-11,100.0
2023-09-12,100.0
2023-09-13,100.0
2023-09-14,100.0
2023-09-15,100.0
2023-09-16,100.0
2023-09-17,100.0
2023-09-18,100.0
2023-09-19,100.0
2023-09-20,100.0
2023-09-21,100.0
2023-09-22,100.0
2023-09-23,100.0
2023-09-24,100.0
2023-09-25,100.0
2023-09-26,100.0
2023-09-27,100.0
2023-09-28,100.0
2023-09-29,100.0
2023-09-30,100.0
2023-10-01,100.0
2023-10-02,100.0
2023-10-03,100.0
2023-10-04,100.0
2023-10-05,100.0
2023-10-06,100.0
2023-10-07,100.0
2023-10-08,100.0
2023-10-09,100.0
2023-10-10,100.0
2023-10-11,100.0
2023-10-12,100.0
2023-10-13,100.0
2023-10-14,100.0
2023-10-15,100.0
2023-10-16,100.0
2023-10-17,100.0
2023-10-18,100.0
2023-10-19,100.0
2023-10-20,100.0
2023-10-21,100.0
2023-10-22,100.0
2023-10-23,100.0
2023-10-24,100.0
2023-10-25,100.0
2023-10-26,100.0
2023-10-27,100.0
2023-10-28,100.0
2023-10-29,100.0
2023-10-30,100.0
2023-10-31,100.0
2023-11-01,100.0
2023-11-02,100.0
2023-11-03,100.0
2023-11-04,100.0
2023-11-05,100.0
2023-11-06,100.0
2023-11-07,100.0
2023-11-08,100.0
2023-11-09,100.0
2023-11-10,100.0
2023-11-11,100.0
2023-11-12,100.0
2023-11-13,100.0
2023-11-14,100.0
2023-11-15,100.0
2023-11-16,100.0
2023-11-17,100.0
2023-11-18,100.0
2023-11-19,100.0
2023-11-20,100.0
2023-11-21,100.0
2023-11-22,100.0
2023-11-23,100.0
2023-11-24,100.0
2023-11-25,100.0
2023-11-26,100.0
2023-11-27,100.0
2023-11-28,100.0
2023-11-29,100.0
2023-11-30,100.0
2023-12-01,100.0
2023-12-02,100.0
2023-12-03,100.0
2023-12-04,100.0
2023-12-05,100.0
2023-12-06,100.0
2023-12-07,100.0
2023-12-08,100.0
2023-12-09,100.0
2023-12-10,100.0
2023-12-11,100.0
2023-12-12,100.0
2023-12-13,100.0
2023-12-14,100.0
2023-12-15,100.0
2023-12-16,100.0
2023-12-17,100.0
2023-12-18,100.0
2023-12-19,100.0
2023-12-20,100.0
2023-12-21,100.0
2023-12-22,100.0
2023-12-23,100.0
2023-12-24,100.0
2023-12-25,100.0
2023-12-26,100.0
2023-12-27,100.0
2023-12-28,100.0
2023-12-29,100.0
2023-12-30,100.0
2023-12-31,100.0
2024-01-01,100.0
2024-01-02,100.0
2024-01-03,100.0
2024-01-04,100.0
2024-01-05,100.0
2024-01-06,100.0
2024-01-07,100.0
2024-01-08,100.0
2024-01-09,100.0
2024-01-10,100.0
2024-01-11,100.0
2024-01-12,100.0
2024-01-13,100.0
2024-01-14,100.0
2024-01-15,100.0
2024-01-16,100.0
2024-01-17,100.0
2024-01-18,100.0
2024-01-19,100.0
2024-01-20,100.0
2024-01-21,100.0
2024-01-22,100.0
2024-01-23,100.0
2024-01-24,100.0
2024-01-25,100.0
2024-01-26,100.0
2024-01-27,100.0
2024-01-28,100.0
2024-01-29,100.0
2024-01-30,100.0
2024-01-31,100.0
2024-02-01,100.0
2024-02-02,100.0
2024-02-03,100.0
2024-02-04,100.0
2024-02-05,100.0
2024-02-06,100.0
2024-02-07,100.0
2024-02-08,100.0
2024-02-09,100.0
2024-02-10,100.0
2024-02-11,100.0
2024-02-12,100.0
2024-02-13,100.0
2024-02-14,100.0
2024-02-15,100.0
2024-02-16,100.0
2024-02-17,100.0
2024-02-18,100.0
2024-02-19,100.0
2024-02-20,100.0
2024-02-21,100.0
2024-02-22,100.0
2024-02-23,100.0
2024-02-24,100.0
2024-02-25,100.0
2024-02-26,100.0
2024-02-27,100.0
2024-02-28,100.0
2024-02-29,100.0
2024-03-01,100.0
2024-03-02,100.0
2024-03-03,100.0
2024-03-04,100.0
2024-03-05,100.0
2024-03-06,100.0
2024-03-07,100.0
2024-03-08,100.0
2024-03-09,100.0
2024-03-10,100.0
2024-03-11,100.0
2024-03-12,100.0
2024-03-13,100.0
2024-03-14,100.0
2024-03-15,100.0
2024-03-16,100.0
2024-03-17,100.0
2024-03-18,100.0
2024-03-19,100.0
2024-03-20,100.0
2024-03-21,100.0
2024-03-22,100.0
2024-03-23,100.0
2024-03-24,100.0
2024-03-25,100.0
2024-03-26,100.0
2024-03-27,100.0
2024-03-28,100.0
2024-03-29,100.0
2024-03-30,100.0
2024-03-31,100.0
2024-04-01,100.0
2024-04-02,100.0
2024-04-03,100.0
2024-04-04,100.0
2024-04-05,100.0
2024-04-06,100.0
2024-04-07,100.0
2024-04-08,100.0
2024-04-09,100.0
2024-04-10,100.0
2024-04-11,100.0
2024-04-12,100.0
2024-04-13,100.0
2024-04-14,100.0
2024-04-15,100.0
2024-04-16,100.0
2024-04-17,100.0
2024-04-18,100.0
2024-04-19,100.0
2024-04-20,100.0
2024-04-21,100.0
2024-04-22,100.0
2024-04-23,100.0
2024-04-24,100.0
2024-04-25,100.0
2024-04-26,100.0
2024-04-27,100.0
2024-04-28,100.0
2024-04-29,100.0
2024-04-30,100.0
2024-05-01,100.0
2024-05-02,100.0
2024-05-03,100.0
2024-05-04,100.0
2024-05-05,100.0
2024-05-06,100.0
2024-05-07,100.0
2024-05-08,100.0
2024-05-09,100.0
2024-05-10,100.0
2024-05-11,100.0
2024-05-12,100.0
2024-05-13,100.0
2024-05-14,100.0
2024-05-15,100.0
2024-05-16,100.0
2024-05-17,100.0
2024-05-18,100.0
2024-05-19,100.0
2024-05-20,100.0
2024-05-21,100.0
2024-05-22,100.0
2024-05-23,100.0
2024-05-24,100.0
2024-05-25,100.0
2024-05-26,100.0
2024-05-27,100.0
2024-05-28,100.0
2024-05-29,100.0
2024-05-30,100.0
2024-05-31,100.0
2024-06-01,100.0
2024-06-02,100.0
2024-06-03,100.0
2024-06-04,100.0
2024-06-05,100.0
2024-06-06,100.0
2024-06-07,100.0
2024-06-08,100.0
2024-06-09,100.0
2024-06-10,100.0
2024-06-11,100.0
2024-06-12,100.0
2024-06-13,100.0
2024-06-14,100.0
2024-06-15,100.0
2024-06-16,100.0
2024-06-17,100.0
2024-06-18,100.0
2024-06-19,100.0
2024-06-20,100.0
2024-06-21,100.0
2024-06-22,100.0
2024-06-23,100.0
2024-06-24,100.0
2024-06-25,100.0
2024-06-26,100.0
2024-06-27,100.0
2024-06-28,100.0
2024-06-29,100.0
2024-06-30,100.0
2024-07-01,100.0
2024-07-02,100.0
2024-07-03,100.0
2024-07-04,100.0
2024-07-05,100.0
2024-07-06,100.0
2024-07-07,100.0
2024-07-08,100.0
2024-07-09,100.0
2024-07-10,100.0
2024-07-11,100.0
2024-07-12,100.0
2024-07-13,100.0
2024-07-14,100.0
2024-07-15,100.0
2024-07-16,100.0
2024-07-17,100.0
2024-07-18,100.0
2024-07-19,100.0
2024-07-20,100.0
2024-07-21,100.0
2024-07-22,100.0
2024-07-23,100.0
2024-07-24,100.0
2024-07-25,100.0
2024-07-26,100.0
2024-07-27,100.0
2024-07-28,100.0
2024-07-29,100.0
2024-07-30,100.0
2024-07-31,100.0
2024-08-01,100.0
2024-08-02,100.0
2024-08-03,100.0
2024-08-04,100.0
2024-08-05,100.0
2024-08-06,100.0
2024-08-07,100.0
2024-08-08,100.0
2024-08-09,100.0
2024-08-10,100.0
2024-08-11,100.0
2024-08-12,100.0
2024-08-13,100.0
2024-08-14,100.0
2024-08-15,100.0
2024-08-16,100.0
2024-08-17,100.0
2024-08-18,100.0
2024-08-19,100.0
2024-08-20,100.0
2024-08-21,100.0
2024-08-22,100.0
2024-08-23,100.0
2024-08-24,99.7004
2024-08-25,99.4018
2024-08-26,99.104
2024-08-27,98.8072
2024-08-28,98.5112
2024-08-29,98.2161
2024-08-30,97.9219
2024-08-31,97.6286
2024-09-01,97.3361
2024-09-02,97.0446
2024-09-03,96.7539
2024-09-04,96.464
2024-09-05,96.1751
2024-09-06,95.887
2024-09-07,95.5997
2024-09-08,95.3134
2024-09-09,95.0279
2024-09-10,94.7432
2024-09-11,94.4594
2024-09-12,94.1765
2024-09-13,93.8943
2024-09-14,93.6131
2024-09-15,93.3327
2024-09-16,93.0531
2024-09-17,92.7743
2024-09-18,92.4964
2024-09-19,92.2194
2024-09-20,91.9431
2024-09-21,91.6677
2024-09-22,91.3931
2024-09-23,91.1194
2024-09-24,90.8464
2024-09-25,90.5743
2024-09-26,90.303
2024-09-27,90.0325
2024-09-28,89.7628
2024-09-29,89.4939
2024-09-30,89.2258
2024-10-01,88.9585
2024-10-02,88.692
2024-10-03,88.4264
2024-10-04,88.1615
2024-10-05,87.8974
2024-10-06,87.6341
2024-10-07,87.3716
2024-10-08,87.1099
2024-10-09,86.8489
2024-10-10,86.5888
2024-10-11,86.3294
2024-10-12,86.0708
2024-10-13,85.813
2024-10-14,85.5559
2024-10-15,85.2996
2024-10-16,85.0441
2024-10-17,84.7894
2024-10-18,84.5354
2024-10-19,84.2822
2024-10-20,84.0297
2024-10-21,83.778
2024-10-22,83.527
2024-10-23,83.2768
2024-10-24,83.0274
2024-10-25,82.7787
2024-10-26,82.5307
2024-10-27,82.2835
2024-10-28,82.037
2024-10-29,81.7912
2024-10-30,81.5462
2024-10-31,81.302
2024-11-01,81.0584
2024-11-02,80.8156
2024-11-03,80.5735
2024-11-04,80.3322
2024-11-05,80.0915
2024-11-06,79.8516
2024-11-07,79.6124
2024-11-08,79.3739
2024-11-09,79.1362
2024-11-10,78.8991
2024-11-11,78.6628
2024-11-12,78.4272
2024-11-13,78.1922
2024-11-14,77.958
2024-11-15,77.7245
2024-11-16,77.4916
2024-11-17,77.2595
2024-11-18,77.0281
2024-11-19,76.7974
2024-11-20,76.5673
2024-11-21,76.3379
2024-11-22,76.1093
2024-11-23,75.8813
2024-11-24,75.654
2024-11-25,75.4274
2024-11-26,75.2014
2024-11-27,74.9762
2024-11-28,74.7516
2024-11-29,74.5276
2024-11-30,74.3044
2024-12-01,74.0818
2024-12-02,73.8599
2024-12-03,73.6387
2024-12-04,73.4181
2024-12-05,73.1982
2024-12-06,72.9789
2024-12-07,72.7603
2024-12-08,72.5423
2024-12-09,72.325
2024-12-10,72.1084
2024-12-11,71.8924
2024-12-12,71.677
2024-12-13,71.4623
2024-12-14,71.2482
2024-12-15,71.0348
2024-12-16,70.822
2024-12-17,70.6099
2024-12-18,70.3984
2024-12-19,70.1875
2024-12-20,69.9772
2024-12-21,69.7676
2024-12-22,69.5586
2024-12-23,69.3503
2024-12-24,69.1425
2024-12-25,68.9354
2024-12-26,68.7289
2024-12-27,68.5231
2024-12-28,68.3178
2024-12-29,68.1131
2024-12-30,67.9091
2024-12-31,67.7057
2025-01-01,67.5029
2025-01-02,67.3007
2025-01-03,67.0991
2025-01-04,66.8981
2025-01-05,66.6977
2025-01-06,66.4979
2025-01-07,66.2987
2025-01-08,66.1001
2025-01-09,65.9021
2025-01-10,65.7047
2025-01-11,65.5079
2025-01-12,65.3116
2025-01-13,65.116
2025-01-14,64.9209
2025-01-15,64.7265
2025-01-16,64.5326
2025-01-17,64.3393
2025-01-18,64.1465
2025-01-19,63.9544
2025-01-20,63.7628
2025-01-21,63.5718
2025-01-22,63.3814
2025-01-23,63.1915
2025-01-24,63.0022
2025-01-25,62.8135
2025-01-26,62.6254
2025-01-27,62.4378
2025-01-28,62.2507
2025-01-29,62.0643
2025-01-30,61.8783
2025-01-31,61.693
2025-02-01,61.5082
2025-02-02,61.3239
2025-02-03,61.1402
2025-02-04,60.9571
2025-02-05,60.7745
2025-02-06,60.5924
2025-02-07,60.4109
2025-02-08,60.23
2025-02-09,60.0496
2025-02-10,59.8697
2025-02-11,59.6903
2025-02-12,59.5115
2025-02-13,59.3333
2025-02-14,59.1555
2025-02-15,58.9783
2025-02-16,58.8017
2025-02-17,58.6255
2025-02-18,58.4499
2025-02-19,58.2748
2025-02-20,58.1003
2025-02-21,57.9262
2025-02-22,57.7527
2025-02-23,57.5797
2025-02-24,57.4072
2025-02-25,57.2353
2025-02-26,57.0638
2025-02-27,56.8929
2025-02-28,56.7225
2025-03-01,56.5525
2025-03-02,56.3831
2025-03-03,56.2142
2025-03-04,56.0459
2025-03-05,55.878
2025-03-06,55.7106
2025-03-07,55.5437
2025-03-08,55.3773
2025-03-09,55.2114
2025-03-10,55.0461
2025-03-11,54.8812
2025-03-12,54.7168
2025-03-13,54.5529
2025-03-14,54.3894
2025-03-15,54.2265
2025-03-16,54.0641
2025-03-17,53.9021
2025-03-18,53.7407
2025-03-19,53.5797
2025-03-20,53.4192
2025-03-21,53.2592
2025-03-22,53.0996
2025-03-23,52.9406
2025-03-24,52.782
2025-03-25,52.6239
2025-03-26,52.4663
2025-03-27,52.3091
2025-03-28,52.1524
2025-03-29,51.9962
2025-03-30,51.8404
2025-03-31,51.6851
2025-04-01,51.5303
2025-04-02,51.376
2025-04-03,51.2221
2025-04-04,51.0686
2025-04-05,50.9156
2025-04-06,50.7631
2025-04-07,50.6111
2025-04-08,50.4595
2025-04-09,50.3083
2025-04-10,50.1576
2025-04-11,50.0074
2025-04-12,49.8576
2025-04-13,49.7082
2025-04-14,49.5593
2025-04-15,49.4109
2025-04-16,49.2628
2025-04-17,49.1153
2025-04-18,48.9682
2025-04-19,48.8215
2025-04-20,48.6752
2025-04-21,48.5294
2025-04-22,48.384
2025-04-23,48.2391
2025-04-24,48.0946
2025-04-25,47.9505
2025-04-26,47.8069
2025-04-27,47.6637
2025-04-28,47.5209
2025-04-29,47.3786
2025-04-30,47.2367
2025-05-01,47.0952
2025-05-02,46.9541
2025-05-03,46.8134
2025-05-04,46.6732
2025-05-05,46.5334
2025-05-06,46.394
2025-05-07,46.255
2025-05-08,46.1165
2025-05-09,45.9783
2025-05-10,45.8406
2025-05-11,45.7033
2025-05-12,45.5664
2025-05-13,45.4299
2025-05-14,45.2938
2025-05-15,45.1581
2025-05-16,45.0229
2025-05-17,44.888
2025-05-18,44.7535
2025-05-19,44.6195
2025-05-20,44.4858
2025-05-21,44.3525
2025-05-22,44.2197
2025-05-23,44.0872
2025-05-24,43.9552
2025-05-25,43.8235
2025-05-26,43.6922
2025-05-27,43.5613
2025-05-28,43.4309
2025-05-29,43.3008
2025-05-30,43.1711
2025-05-31,43.0417
2025-06-01,42.9128
2025-06-02,42.7843
2025-06-03,42.6561
2025-06-04,42.5283
2025-06-05,42.4009
2025-06-06,42.2739
2025-06-07,42.1473
2025-06-08,42.021
2025-06-09,41.8952
2025-06-10,41.7697
2025-06-11,41.6445
2025-06-12,41.5198
2025-06-13,41.3954
2025-06-14,41.2714
2025-06-15,41.1478
2025-06-16,41.0245
2025-06-17,40.9016
2025-06-18,40.7791
2025-06-19,40.657
2025-06-20,40.5352
2025-06-21,40.4138
2025-06-22,40.2927
2025-06-23,40.172
2025-06-24,40.0517
2025-06-25,39.9317
2025-06-26,39.8121
2025-06-27,39.6928
2025-06-28,39.5739
2025-06-29,39.4554
2025-06-30,39.3372
2025-07-01,39.2193
2025-07-02,39.1019
2025-07-03,38.9847
2025-07-04,38.868
2025-07-05,38.7515
2025-07-06,38.6354
2025-07-07,38.5197
2025-07-08,38.4043
2025-07-09,38.2893
2025-07-10,38.1746
2025-07-11,38.0602
2025-07-12,37.9462
2025-07-13,37.8326
2025-07-14,37.7192
2025-07-15,37.6062
2025-07-16,37.4936
2025-07-17,37.3813
2025-07-18,37.2693
2025-07-19,37.1577
2025-07-20,37.0464
2025-07-21,36.9354
2025-07-22,36.8248
2025-07-23,36.7144
2025-07-24,36.6045
2025-07-25,36.4948
2025-07-26,36.3855
2025-07-27,36.2765
2025-07-28,36.1678
2025-07-29,36.0595
2025-07-30,35.9515
2025-07-31,35.8438
2025-08-01,35.7364
2025-08-02,35.6294
2025-08-03,35.5226
2025-08-04,35.4162
2025-08-05,35.3101
2025-08-06,35.2044
2025-08-07,35.0989
2025-08-08,34.9938
2025-08-09,34.889
2025-08-10,34.7844
2025-08-11,34.6802
2025-08-12,34.5764
2025-08-13,34.4728
2025-08-14,34.3695
2025-08-15,34.2666
2025-08-16,34.1639
2025-08-17,34.0616
2025-08-18,33.9596
2025-08-19,33.8578
2025-08-20,33.7564
2025-08-21,33.6553
2025-08-22,33.5545
2025-08-23,33.454
2025-08-24,33.3537
2025-08-25,33.2538
2025-08-26,33.1542
2025-08-27,33.0549
2025-08-28,32.9559
2025-08-29,32.8572
2025-08-30,32.7588
2025-08-31,32.6606
2025-09-01,32.5628
2025-09-02,32.4652
2025-09-03,32.368
2025-09-04,32.271
2025-09-05,32.1744
2025-09-06,32.078
2025-09-07,31.9819
2025-09-08,31.8861
2025-09-09,31.7906
2025-09-10,31.6954
2025-09-11,31.6004
2025-09-12,31.5058
2025-09-13,31.4114
2025-09-14,31.3173
2025-09-15,31.2235
2025-09-16,31.1299
2025-09-17,31.0367
2025-09-18,30.9437
2025-09-19,30.851
2025-09-20,30.7586
2025-09-21,30.6665
2025-09-22,30.5746
2025-09-23,30.483
2025-09-24,30.3917
2025-09-25,30.3007
2025-09-26,30.2099
2025-09-27,30.1194
2025-09-28,30.0292
2025-09-29,29.9392
2025-09-30,29.8496
2025-10-01,29.7601
2025-10-02,29.671
2025-10-03,29.5821
2025-10-04,29.4935
2025-10-05,29.4052
2025-10-06,29.3171
2025-10-07,29.2293
2025-10-08,29.1417
2025-10-09,29.0544
2025-10-10,28.9674
2025-10-11,28.8806
2025-10-12,28.7941
2025-10-13,28.7078
2025-10-14,28.6218
2025-10-15,28.5361
2025-10-16,28.4506
2025-10-17,28.3654
2025-10-18,28.2804
2025-10-19,28.1957
2025-10-20,28.1113
2025-10-21,28.0271
2025-10-22,27.9431
2025-10-23,27.8594
2025-10-24,27.7759
2025-10-25,27.6927
2025-10-26,27.6098
2025-10-27,27.5271
2025-10-28,27.4446
2025-10-29,27.3624
2025-10-30,27.2804
2025-10-31,27.1987
2025-11-01,27.1173
2025-11-02,27.036
2025-11-03,26.955
2025-11-04,26.8743
2025-11-05,26.7938
2025-11-06,26.7135
2025-11-07,26.6335
2025-11-08,26.5537
2025-11-09,26.4742
2025-11-10,26.3949
2025-11-11,26.3158
2025-11-12,26.237
2025-11-13,26.1584
2025-11-14,26.08
2025-11-15,26.0019
2025-11-16,25.924
2025-11-17,25.8464
2025-11-18,25.7689
2025-11-19,25.6918
2025-11-20,25.6148
2025-11-21,25.5381
2025-11-22,25.4616
2025-11-23,25.3853
2025-11-24,25.3093
2025-11-25,25.2334
2025-11-26,25.1579
2025-11-27,25.0825
2025-11-28,25.0074
2025-11-29,24.9325
2025-11-30,24.8578
2025-12-01,24.7833
2025-12-02,24.7091
2025-12-03,24.635
2025-12-04,24.5613
2025-12-05,24.4877
2025-12-06,24.4143
2025-12-07,24.3412
2025-12-08,24.2683
2025-12-09,24.1956
2025-12-10,24.1231
2025-12-11,24.0508
2025-12-12,23.9788
2025-12-13,23.907
2025-12-14,23.8354
2025-12-15,23.764
2025-12-16,23.6928
2025-12-17,23.6218
2025-12-18,23.551
2025-12-19,23.4805
2025-12-20,23.4102
2025-12-21,23.34
2025-12-22,23.2701
2025-12-23,23.2004
2025-12-24,23.1309
2025-12-25,23.0616
2025-12-26,22.9925
2025-12-27,22.9237
2025-12-28,22.855
2025-12-29,22.7865
2025-12-30,22.7183
2025-12-31,22.6502
2026-01-01,22.5824
2026-01-02,22.5147
2026-01-03,22.4473
2026-01-04,22.3801
2026-01-05,22.313
2026-01-06,22.2462
2026-01-07,22.1795
2026-01-08,22.1131
2026-01-09,22.0469
2026-01-10,21.9808
2026-01-11,21.915
2026-01-12,21.8493
2026-01-13,21.7839
2026-01-14,21.7186
2026-01-15,21.6536
2026-01-16,21.5887
2026-01-17,21.524
2026-01-18,21.4596
2026-01-19,21.3953
2026-01-20,21.3312
2026-01-21,21.2673
2026-01-22,21.2036
2026-01-23,21.1401
2026-01-24,21.0767
2026-01-25,21.0136
2026-01-26,20.9507
2026-01-27,20.8879
2026-01-28,20.8253
2026-01-29,20.763
2026-01-30,20.7008
2026-01-31,20.6387
2026-02-01,20.5769
2026-02-02,20.5153
2026-02-03,20.4538
2026-02-04,20.3926
2026-02-05,20.3315
2026-02-06,20.2706
2026-02-07,20.2099
2026-02-08,20.1493
2026-02-09,20.089
2026-02-10,20.0288
2026-02-11,19.9688
2026-02-12,19.909
2026-02-13,19.8493
2026-02-14,19.7899
2026-02-15,19.7306
2026-02-16,19.6715
2026-02-17,19.6126
2026-02-18,19.5538
2026-02-19,19.4952
2026-02-20,19.4368
2026-02-21,19.3786
2026-02-22,19.3206
2026-02-23,19.2627
2026-02-24,19.205
2026-02-25,19.1475
2026-02-26,19.0901
2026-02-27,19.0329
2026-02-28,18.9759
2026-03-01,18.9191
2026-03-02,18.8624
2026-03-03,18.8059
2026-03-04,18.7496
2026-03-05,18.6934
2026-03-06,18.6374
2026-03-07,18.5816
2026-03-08,18.5259
2026-03-09,18.4704
2026-03-10,18.4151
2026-03-11,18.3599
2026-03-12,18.3049
2026-03-13,18.2501
2026-03-14,18.1954
2026-03-15,18.1409
2026-03-16,18.0866
2026-03-17,18.0324
2026-03-18,17.9784
2026-03-19,17.9245
2026-03-20,17.8708
2026-03-21,17.8173
2026-03-22,17.7639
2026-03-23,17.7107
2026-03-24,17.6577
2026-03-25,17.6048
2026-03-26,17.552
2026-03-27,17.4995
2026-03-28,17.447
2026-03-29,17.3948
2026-03-30,17.3427
2026-03-31,17.2907
2026-04-01,17.2389
2026-04-02,17.1873
2026-04-03,17.1358
2026-04-04,17.0845
2026-04-05,17.0333
2026-04-06,16.9823
2026-04-07,16.9314
2026-04-08,16.8807
2026-04-09,16.8301
2026-04-10,16.7797
2026-04-11,16.7294
2026-04-12,16.6793
2026-04-13,16.6294
2026-04-14,16.5796
2026-04-15,16.5299
2026-04-16,16.4804
2026-04-17,16.431
2026-04-18,16.3818
2026-04-19,16.3327
2026-04-20,16.2838
2026-04-21,16.235
2026-04-22,16.1864
2026-04-23,16.1379
2026-04-24,16.0896
2026-04-25,16.0414
2026-04-26,15.9933
2026-04-27,15.9454
2026-04-28,15.8976
2026-04-29,15.85
2026-04-30,15.8025
2026-05-01,15.7552
2026-05-02,15.708
2026-05-03,15.6609
2026-05-04,15.614
2026-05-05,15.5673
2026-05-06,15.5206
2026-05-07,15.4741
2026-05-08,15.4278
2026-05-09,15.3816
2026-05-10,15.3355
2026-05-11,15.2896
2026-05-12,15.2438
2026-05-13,15.1981
2026-05-14,15.1526
2026-05-15,15.1072
2026-05-16,15.0619
2026-05-17,15.0168
2026-05-18,14.9718
2026-05-19,14.927
2026-05-20,14.8823
2026-05-21,14.8377
2026-05-22,14.7932
2026-05-23,14.7489
2026-05-24,14.7047
2026-05-25,14.6607
2026-05-26,14.6168
2026-05-27,14.573
2026-05-28,14.5293
2026-05-29,14.4858
2026-05-30,14.4424
2026-05-31,14.3992
